id;total;created_at;status;payment_id
1;37842;2023-10-15T23:57:47;invoice;40205
2;90215;2023-10-15T10:40:01;bandwidth;14341
3;2589;2023-10-15T21:50:17;parsing;81777
4;88806;2023-10-15T23:47:01;synthesize Ringgit;20893
5;86879;2023-10-15T02:20:32;Health holistic Developer;76159
6;65842;2023-10-15T14:11:12;Neck;28934
7;9721;2023-10-16T01:27:18;RSS Hryvnia;70714
8;30728;2023-10-15T15:24:37;District;98385
9;71339;2023-10-15T11:29:43;maroon SAS Bedfordshire;93076
10;12701;2023-10-15T14:35:14;Path;57356
